brand,model
AMC,Ambassador
AMC,Concord
AMC,Eagle
AMC,Gremlin
AMC,Hornet
AMC,Javelin
AMC,Matador
AMC,Pacer
AMC,Rambler
AMC,Spirit
Abarth,124 Spider
Abarth,500
Abarth,595
Abarth,695
Abarth,Punto Evo
Acura,CL
Acura,CSX
Acura,EL
Acura,ILX
Acura,Integra
Acura,Legend
Acura,MDX
Acura,NSX
Acura,RDX
Acura,RL
Acura,RSX
Acura,SLX
Acura,TL
Acura,TLX
Acura,TSX
Acura,Vigor
Acura,ZDX
Alfa Romeo,105/115 Series Coupés
Alfa Romeo,12 HP
Alfa Romeo,12C
Alfa Romeo,145
Alfa Romeo,146
Alfa Romeo,147
Alfa Romeo,15 HP
Alfa Romeo,15/20 HP
Alfa Romeo,155
Alfa Romeo,156
Alfa Romeo,159
Alfa Romeo,164
Alfa Romeo,166
Alfa Romeo,1750 Berlina
Alfa Romeo,1900
Alfa Romeo,20/30 HP
Alfa Romeo,2000
Alfa Romeo,2000 Berlina
Alfa Romeo,2000 GTV
Alfa Romeo,2000 Spider Veloce
Alfa Romeo,2000 Sportiva
Alfa Romeo,2300
Alfa Romeo,24 HP
Alfa Romeo,2600
Alfa Romeo,33
Alfa Romeo,33 Stradale
Alfa Romeo,40/60 HP
Alfa Romeo,4C
Alfa Romeo,6C
Alfa Romeo,75
Alfa Romeo,8C
Alfa Romeo,8C Competizione
Alfa Romeo,90
Alfa Romeo,AR6
Alfa Romeo,AR8
Alfa Romeo,Alfa 6
Alfa Romeo,Alfasud
Alfa Romeo,Alfasud Sprint
Alfa Romeo,Alfetta
Alfa Romeo,Alphasud
Alfa Romeo,Arna
Alfa Romeo,Brera
Alfa Romeo,Brera and Spider
Alfa Romeo,Dauphine
Alfa Romeo,G1
Alfa Romeo,GT
Alfa Romeo,GT 1300 Junior
Alfa Romeo,GTA
Alfa Romeo,GTV
Alfa Romeo,GTV 2.0
Alfa Romeo,Giulia
Alfa Romeo,Giulia TZ
Alfa Romeo,Giulietta
Alfa Romeo,Giulietta Sprint Speciale
Alfa Romeo,Gran Sport Quattroruote
Alfa Romeo,Junior
Alfa Romeo,Matta
Alfa Romeo,MiTo
Alfa Romeo,Montreal
Alfa Romeo,RL
Alfa Romeo,RM
Alfa Romeo,RZ
Alfa Romeo,Romeo
Alfa Romeo,SZ
Alfa Romeo,Spider
Alfa Romeo,Sports Sedan
Alfa Romeo,Sprint
Alfa Romeo,Sprint Veloce
Alfa Romeo,Stelvio
Alfa Romeo,Tonale
Alpine,A110
Alpine,A310
Alpine,A610
Alpine,GTA
Aston Martin,Bulldog
Aston Martin,Cygnet
Aston Martin,DB11
Aston Martin,DB12
Aston Martin,DB7
Aston Martin,DB9
Aston Martin,DBS
Aston Martin,DBX
Aston Martin,Lagonda
Aston Martin,One-77
Aston Martin,Rapide
Aston Martin,V12 Vanquish
Aston Martin,V8 Vantage
Aston Martin,Valkyrie
Aston Martin,Vantage
Aston Martin,Virage
Aston Martin,Vulcan
Audi,100
Audi,200
Audi,50
Audi,80
Audi,90
Audi,A1
Audi,A2
Audi,A3
Audi,A4
Audi,A4 Allroad
Audi,A5
Audi,A6
Audi,A6 Allroad
Audi,A7
Audi,A8
Audi,Cabriolet
Audi,Coupe
Audi,Q2
Audi,Q3
Audi,Q4 e-tron
Audi,Q5
Audi,Q6 e-tron
Audi,Q7
Audi,Q8
Audi,Q8 e-tron
Audi,Quattro
Audi,R8
Audi,RS2 Avant
Audi,RS3
Audi,RS4
Audi,RS5
Audi,RS6
Audi,RS7
Audi,S1
Audi,S2
Audi,S3
Audi,S4
Audi,S5
Audi,S6
Audi,S7
Audi,S8
Audi,SQ5
Audi,SQ7
Audi,SQ8
Audi,TT
Audi,TTRS
Audi,TTS
Audi,V8
Audi,e-tron
Audi,e-tron GT
Austin,Allegro
Austin,Ambassador
Austin,Maestro
Austin,Maxi
Austin,Metro
Austin,Mini
Austin,Montego
Austin,Princess
BMW,1 Serisi (1M)
BMW,2 Serisi
BMW,2002
BMW,3 Serisi (M3)
BMW,4 Serisi (M4)
BMW,5 Serisi (M5)
BMW,6 Serisi (M6)
BMW,7 Serisi
BMW,8 Serisi (M8)
BMW,M1
BMW,X1
BMW,X2
BMW,X3 (X3M)
BMW,X4 (X4M)
BMW,X5 (X5M)
BMW,X6 (X6M)
BMW,X7
BMW,Z1
BMW,Z3
BMW,Z4
BMW,Z8
BMW,i3
BMW,i4
BMW,i5
BMW,i7
BMW,i8
BMW,iX
BMW,iX1
BMW,iX2
BMW,iX3
BYD,Atto 3
BYD,Dolphin
BYD,Han
BYD,Seal
BYD,Song
BYD,Tang
Bentley,Arnage
Bentley,Azure
Bentley,Bentayga
Bentley,Brooklands
Bentley,Continental
Bentley,Continental Flying Spur
Bentley,Continental GT
Bentley,Corniche
Bentley,Eight
Bentley,Flying Spur
Bentley,Mulsanne
Bentley,Turbo R
Buick,Century
Buick,Electra
Buick,Enclave
Buick,Encore
Buick,Envision
Buick,LaCrosse
Buick,LeSabre
Buick,Lucerne
Buick,Park Avenue
Buick,Rainier
Buick,Reatta
Buick,Regal
Buick,Rendezvous
Buick,Riviera
Buick,Roadmaster
Buick,Skyhawk
Buick,Skylark
Buick,Terraza
Cadillac,ATS
Cadillac,Allante
Cadillac,BLS
Cadillac,Brougham
Cadillac,CT4
Cadillac,CT5
Cadillac,CT6
Cadillac,CTS
Cadillac,Catera
Cadillac,Celestiq
Cadillac,Cimarron
Cadillac,DTS
Cadillac,DeVille
Cadillac,Eldorado
Cadillac,Escalade
Cadillac,Fleetwood
Cadillac,Lyriq
Cadillac,SRX
Cadillac,STS
Cadillac,Seville
Cadillac,XLR
Cadillac,XT4
Cadillac,XT5
Cadillac,XT6
Cadillac,XTS
Chery,Aria
Chery,J1
Chery,J11
Chery,J3
Chery,Omoda 5
Chery,Tiggo
Chery,Tiggo 4 Pro
Chery,Tiggo 7 Pro
Chery,Tiggo 8 Pro
Chevrolet,Astro
Chevrolet,Avalanche
Chevrolet,Aveo
Chevrolet,Beretta
Chevrolet,Blazer
Chevrolet,Bolt
Chevrolet,Camaro
Chevrolet,Caprice
Chevrolet,Captiva
Chevrolet,Cavalier
Chevrolet,Celebrity
Chevrolet,Chevelle
Chevrolet,Chevette
Chevrolet,Citation
Chevrolet,Cobalt
Chevrolet,Colorado
Chevrolet,Corsica
Chevrolet,Corvette
Chevrolet,Cruze
Chevrolet,El Camino
Chevrolet,Epica
Chevrolet,Equinox
Chevrolet,Express
Chevrolet,HHR
Chevrolet,Impala
Chevrolet,Kalos
Chevrolet,Lacetti
Chevrolet,Lumina
Chevrolet,Malibu
Chevrolet,Monte Carlo
Chevrolet,Monza
Chevrolet,Nova
Chevrolet,Rezzo
Chevrolet,S-10
Chevrolet,SSR
Chevrolet,Silverado
Chevrolet,Sonic
Chevrolet,Spark
Chevrolet,Suburban
Chevrolet,Tahoe
Chevrolet,Tracker
Chevrolet,TrailBlazer
Chevrolet,Traverse
Chevrolet,Trax
Chevrolet,Uplander
Chevrolet,Vega
Chevrolet,Volt
Chrysler,200
Chrysler,300
Chrysler,300M
Chrysler,Aspen
Chrysler,Cirrus
Chrysler,Concorde
Chrysler,Crossfire
Chrysler,Fifth Avenue
Chrysler,Grand Voyager
Chrysler,Imperial
Chrysler,LHS
Chrysler,Laser
Chrysler,LeBaron
Chrysler,Neon
Chrysler,New Yorker
Chrysler,PT Cruiser
Chrysler,Pacifica
Chrysler,Prowler
Chrysler,Sebring
Chrysler,Town & Country
Chrysler,Voyager
Citroën,2CV
Citroën,AX
Citroën,Ami
Citroën,Axel
Citroën,BX
Citroën,Berlingo
Citroën,C-Crosser
Citroën,C-Elysee
Citroën,C1
Citroën,C2
Citroën,C3
Citroën,C3 Aircross
Citroën,C4
Citroën,C4 Aircross
Citroën,C4 Cactus
Citroën,C4 Picasso
Citroën,C4 X
Citroën,C5
Citroën,C5 Aircross
Citroën,C5 X
Citroën,C6
Citroën,C8
Citroën,CX
Citroën,DS
Citroën,DS3
Citroën,DS4
Citroën,DS5
Citroën,Dyane
Citroën,Evasion
Citroën,GS
Citroën,GSA
Citroën,Jumper
Citroën,Jumpy
Citroën,Nemo
Citroën,SM
Citroën,Saxo
Citroën,Visa
Citroën,XM
Citroën,Xantia
Citroën,Xsara
Citroën,Xsara Picasso
Citroën,ZX
Cupra,Ateca
Cupra,Born
Cupra,Formentor
Cupra,Leon
Cupra,Tavascan
DS Automobiles,DS 3
DS Automobiles,DS 4
DS Automobiles,DS 7
DS Automobiles,DS 9
Dacia,1300
Dacia,1310
Dacia,Duster
Dacia,Jogger
Dacia,Lodgy
Dacia,Logan
Dacia,Nova
Dacia,Sandero
Dacia,Solenza
Dacia,Spring
Daewoo,Espero
Daewoo,Evanda
Daewoo,Kalos
Daewoo,Korando
Daewoo,Lacetti
Daewoo,Lanos
Daewoo,LeMans
Daewoo,Leganza
Daewoo,Magnus
Daewoo,Matiz
Daewoo,Musso
Daewoo,Nexia
Daewoo,Nubira
Daewoo,Rezzo
Daewoo,Tacuma
Daewoo,Tico
Daihatsu,Applause
Daihatsu,Charade
Daihatsu,Charmant
Daihatsu,Copen
Daihatsu,Cuore
Daihatsu,Feroza
Daihatsu,Gran Move
Daihatsu,Materia
Daihatsu,Mira
Daihatsu,Move
Daihatsu,Rocky
Daihatsu,Sirion
Daihatsu,Taft
Daihatsu,Terios
Daihatsu,Trevis
Daihatsu,YRV
Datsun,100A
Datsun,120Y
Datsun,180B
Datsun,240Z
Datsun,260Z
Datsun,280Z
Datsun,510
Datsun,Bluebird
Datsun,Cherry
Datsun,Laurel
Datsun,Sunny
Datsun,Violet
DeLorean,DMC-12
Dodge,Aries
Dodge,Avenger
Dodge,Caliber
Dodge,Caravan
Dodge,Challenger
Dodge,Charger
Dodge,Colt
Dodge,Dakota
Dodge,Dart
Dodge,Daytona
Dodge,Diplomat
Dodge,Durango
Dodge,Dynasty
Dodge,Grand Caravan
Dodge,Intrepid
Dodge,Journey
Dodge,Magnum
Dodge,Monaco
Dodge,Neon
Dodge,Nitro
Dodge,Omni
Dodge,Ram
Dodge,Shadow
Dodge,Spirit
Dodge,Stealth
Dodge,Stratus
Dodge,Viper
Ferrari,208
Ferrari,288 GTO
Ferrari,296 GTB
Ferrari,308
Ferrari,328
Ferrari,348
Ferrari,360 Modena
Ferrari,400
Ferrari,412
Ferrari,456
Ferrari,458 Italia
Ferrari,488
Ferrari,512 BB
Ferrari,512 TR
Ferrari,550 Maranello
Ferrari,575M Maranello
Ferrari,599 GTB Fiorano
Ferrari,612 Scaglietti
Ferrari,812 Superfast
Ferrari,California
Ferrari,Daytona SP3
Ferrari,Dino
Ferrari,Enzo
Ferrari,F12berlinetta
Ferrari,F355
Ferrari,F40
Ferrari,F430
Ferrari,F50
Ferrari,F8 Tributo
Ferrari,FF
Ferrari,GTC4Lusso
Ferrari,LaFerrari
Ferrari,Mondial
Ferrari,Portofino
Ferrari,Purosangue
Ferrari,Roma
Ferrari,SF90 Stradale
Ferrari,Testarossa
Fiat,124 Spider
Fiat,126
Fiat,127
Fiat,128
Fiat,130
Fiat,131
Fiat,132
Fiat,500
Fiat,500L
Fiat,500X
Fiat,500e
Fiat,Albea
Fiat,Argenta
Fiat,Barchetta
Fiat,Brava
Fiat,Bravo
Fiat,Cinquecento
Fiat,Coupe
Fiat,Croma
Fiat,Doblo
Fiat,Ducato
Fiat,Egea
Fiat,Fiorino
Fiat,Freemont
Fiat,Grande Punto
Fiat,Idea
Fiat,Linea
Fiat,Marea
Fiat,Multipla
Fiat,Palio
Fiat,Panda
Fiat,Punto
Fiat,Qubo
Fiat,Regata
Fiat,Ritmo
Fiat,Scudo
Fiat,Sedici
Fiat,Seicento
Fiat,Siena
Fiat,Stilo
Fiat,Strada
Fiat,Tempra
Fiat,Tipo
Fiat,Topolino
Fiat,Ulysse
Fiat,Uno
Fiat,X1/9
Fisker,Karma
Fisker,Ocean
Ford,Aerostar
Ford,Aspire
Ford,B-Max
Ford,Bronco
Ford,Bronco II
Ford,C-Max
Ford,Capri
Ford,Contour
Ford,Cortina
Ford,Cougar
Ford,Courier
Ford,Crown Victoria
Ford,Ecosport
Ford,Edge
Ford,Escape
Ford,Escort
Ford,Everest
Ford,Excursion
Ford,Expedition
Ford,Explorer
Ford,F-150
Ford,Fairlane
Ford,Fairmont
Ford,Falcon
Ford,Festiva
Ford,Fiesta
Ford,Five Hundred
Ford,Flex
Ford,Focus
Ford,Freestar
Ford,Freestyle
Ford,Fusion
Ford,GT
Ford,Galaxy
Ford,Granada
Ford,Ka
Ford,Kuga
Ford,LTD
Ford,Maverick
Ford,Mondeo
Ford,Mustang
Ford,Mustang Mach-E
Ford,Orion
Ford,Pinto
Ford,Probe
Ford,Puma
Ford,Ranger
Ford,S-Max
Ford,Scorpio
Ford,Sierra
Ford,Taunus
Ford,Taurus
Ford,Tempo
Ford,Thunderbird
Ford,Tourneo Connect
Ford,Tourneo Courier
Ford,Transit
Ford,Windstar
GMC,Acadia
GMC,Caballero
GMC,Canyon
GMC,Envoy
GMC,Hummer EV
GMC,Jimmy
GMC,Safari
GMC,Savana
GMC,Sierra
GMC,Sonoma
GMC,Syclone
GMC,Terrain
GMC,Typhoon
GMC,Vandura
GMC,Yukon
Geely,Coolray
Geely,Emgrand
Geely,MK
Genesis,G70
Genesis,G80
Genesis,G90
Genesis,GV60
Genesis,GV70
Genesis,GV80
Holden,Adventra
Holden,Apollo
Holden,Astra
Holden,Barina
Holden,Calais
Holden,Caprice
Holden,Commodore
Holden,Cruze
Holden,Gemini
Holden,Monaro
Holden,Statesman
Holden,Torana
Holden,Ute
Honda,Accord
Honda,Acty
Honda,CR-V
Honda,CR-Z
Honda,CRX
Honda,City
Honda,Civic
Honda,Clarity
Honda,Concerto
Honda,Element
Honda,FR-V
Honda,Fit
Honda,HR-V
Honda,Insight
Honda,Integra
Honda,Jazz
Honda,Legend
Honda,Logo
Honda,NSX
Honda,Odyssey
Honda,Passport
Honda,Pilot
Honda,Prelude
Honda,Quintet
Honda,Ridgeline
Honda,S2000
Honda,Shuttle
Honda,Stream
Honda,Today
Honda,Vigor
Honda,ZR-V
Honda,e
Honda,e:Ny1
Hummer,H1
Hummer,H2
Hummer,H3
Hyundai,Accent
Hyundai,Atos
Hyundai,Azera
Hyundai,Bayon
Hyundai,Coupe
Hyundai,Elantra
Hyundai,Equus
Hyundai,Excel
Hyundai,Galloper
Hyundai,Genesis
Hyundai,Genesis Coupe
Hyundai,Getz
Hyundai,Grandeur
Hyundai,Ioniq
Hyundai,Ioniq 5
Hyundai,Ioniq 6
Hyundai,Kona
Hyundai,Lantra
Hyundai,Matrix
Hyundai,Nexo
Hyundai,Palisade
Hyundai,Pony
Hyundai,Santa Cruz
Hyundai,Santa Fe
Hyundai,Santamo
Hyundai,Scoupe
Hyundai,Sonata
Hyundai,Starex
Hyundai,Stellar
Hyundai,Terracan
Hyundai,Tiburon
Hyundai,Trajet
Hyundai,Tucson
Hyundai,Veloster
Hyundai,Venue
Hyundai,Veracruz
Hyundai,XG
Hyundai,i10
Hyundai,i20
Hyundai,i30
Hyundai,i40
Infiniti,EX
Infiniti,FX
Infiniti,G
Infiniti,I30
Infiniti,J30
Infiniti,M
Infiniti,Q30
Infiniti,Q40
Infiniti,Q45
Infiniti,Q50
Infiniti,Q60
Infiniti,Q70
Infiniti,QX30
Infiniti,QX4
Infiniti,QX50
Infiniti,QX56
Infiniti,QX60
Infiniti,QX70
Infiniti,QX80
Isuzu,Amigo
Isuzu,Ascender
Isuzu,Aska
Isuzu,Axiom
Isuzu,D-Max
Isuzu,Gemini
Isuzu,Hombre
Isuzu,Impulse
Isuzu,Oasis
Isuzu,Piazza
Isuzu,Rodeo
Isuzu,Stylus
Isuzu,Trooper
Isuzu,VehiCROSS
Jaguar,E-Pace
Jaguar,E-Type
Jaguar,F-Pace
Jaguar,F-Type
Jaguar,I-Pace
Jaguar,S-Type
Jaguar,X-Type
Jaguar,XE
Jaguar,XF
Jaguar,XJ
Jaguar,XJ220
Jaguar,XJS
Jaguar,XK
Jaguar,XKR
Jeep,Avenger
Jeep,CJ
Jeep,Cherokee
Jeep,Comanche
Jeep,Commander
Jeep,Compass
Jeep,Gladiator
Jeep,Grand Cherokee
Jeep,Grand Wagoneer
Jeep,Liberty
Jeep,Patriot
Jeep,Renegade
Jeep,Wagoneer
Jeep,Wrangler
Kia,Avella
Kia,Bongo
Kia,Cadenza
Kia,Capital
Kia,Carens
Kia,Carnival
Kia,Ceed
Kia,Cerato
Kia,Clarus
Kia,Concord
Kia,Credos
Kia,EV6
Kia,EV9
Kia,Elan
Kia,Forte
Kia,Joice
Kia,K5
Kia,K900
Kia,Magentis
Kia,Mentor
Kia,Mohave
Kia,Niro
Kia,Opirus
Kia,Optima
Kia,Picanto
Kia,Potentia
Kia,Pregio
Kia,Pride
Kia,ProCeed
Kia,Retona
Kia,Rio
Kia,Sedona
Kia,Sephia
Kia,Shuma
Kia,Sorento
Kia,Soul
Kia,Spectra
Kia,Sportage
Kia,Stinger
Kia,Stonic
Kia,Telluride
Kia,Venga
Kia,XCeed
Koenigsegg,Agera
Koenigsegg,CC8S
Koenigsegg,CCX
Koenigsegg,Gemera
Koenigsegg,Jesko
Koenigsegg,One:1
Koenigsegg,Regera
Lada,110
Lada,111
Lada,112
Lada,Granta
Lada,Kalina
Lada,Niva
Lada,Riva
Lada,Samara
Lada,Vesta
Lamborghini,Aventador
Lamborghini,Centenario
Lamborghini,Countach
Lamborghini,Diablo
Lamborghini,Espada
Lamborghini,Gallardo
Lamborghini,Huracan
Lamborghini,Jalpa
Lamborghini,Jarama
Lamborghini,LM002
Lamborghini,Miura
Lamborghini,Murcielago
Lamborghini,Reventon
Lamborghini,Revuelto
Lamborghini,Sesto Elemento
Lamborghini,Silhouette
Lamborghini,Sián
Lamborghini,Urus
Lamborghini,Veneno
Lancia,Beta
Lancia,Dedra
Lancia,Delta
Lancia,Flavia
Lancia,Fulvia
Lancia,Gamma
Lancia,Kappa
Lancia,Lybra
Lancia,Montecarlo
Lancia,Prisma
Lancia,Stratos
Lancia,Thema
Lancia,Thesis
Lancia,Trevi
Lancia,Y10
Lancia,Ypsilon
Lancia,Zeta
Land Rover,Defender
Land Rover,Discovery
Land Rover,Discovery Sport
Land Rover,Freelander
Land Rover,Range Rover
Land Rover,Range Rover Evoque
Land Rover,Range Rover Sport
Land Rover,Range Rover Velar
Land Rover,Series I
Land Rover,Series II
Land Rover,Series III
Lexus,CT
Lexus,ES
Lexus,GS
Lexus,GX
Lexus,HS
Lexus,IS
Lexus,LC
Lexus,LFA
Lexus,LM
Lexus,LS
Lexus,LX
Lexus,NX
Lexus,RC
Lexus,RX
Lexus,RZ
Lexus,SC
Lexus,UX
Lincoln,Aviator
Lincoln,Blackwood
Lincoln,Continental
Lincoln,Corsair
Lincoln,LS
Lincoln,MKC
Lincoln,MKS
Lincoln,MKT
Lincoln,MKX
Lincoln,MKZ
Lincoln,Mark LT
Lincoln,Mark VII
Lincoln,Mark VIII
Lincoln,Nautilus
Lincoln,Navigator
Lincoln,Town Car
Lincoln,Versailles
Lincoln,Zephyr
Lotus,Elan
Lotus,Eletre
Lotus,Elise
Lotus,Emira
Lotus,Esprit
Lotus,Europa
Lotus,Evora
Lotus,Excel
Lotus,Exige
Lucid,Air
MG,Cyberster
MG,F
MG,HS
MG,MG3
MG,MG4
MG,MG5
MG,Maestro
MG,Marvel R
MG,Metro
MG,Montego
MG,RV8
MG,TF
MG,XPower SV
MG,ZR
MG,ZS
MG,ZT
Maserati,228
Maserati,3200 GT
Maserati,4200 GT
Maserati,Barchetta
Maserati,Biturbo
Maserati,Bora
Maserati,Coupe
Maserati,Ghibli
Maserati,GranCabrio
Maserati,GranTurismo
Maserati,Grecale
Maserati,Indy
Maserati,Karif
Maserati,Khamsin
Maserati,Kyalami
Maserati,Levante
Maserati,MC12
Maserati,MC20
Maserati,Merak
Maserati,Quattroporte
Maserati,Shamal
Maserati,Spyder
Mazda,2
Mazda,3
Mazda,323
Mazda,5
Mazda,6
Mazda,626
Mazda,929
Mazda,B-Series
Mazda,Bongo
Mazda,CX-3
Mazda,CX-30
Mazda,CX-5
Mazda,CX-50
Mazda,CX-60
Mazda,CX-7
Mazda,CX-80
Mazda,CX-9
Mazda,Cosmo
Mazda,Lantis
Mazda,MPV
Mazda,MX-3
Mazda,MX-5 Miata
Mazda,MX-6
Mazda,Millenia
Mazda,Navajo
Mazda,Premacy
Mazda,Protege
Mazda,RX-7
Mazda,RX-8
Mazda,Tribute
Mazda,Xedos 6
Mazda,Xedos 9
McLaren,540C
McLaren,570S
McLaren,600LT
McLaren,650S
McLaren,675LT
McLaren,720S
McLaren,765LT
McLaren,Artura
McLaren,Elva
McLaren,F1
McLaren,GT
McLaren,MP4-12C
McLaren,P1
McLaren,Senna
McLaren,Speedtail
Mercedes-Benz,190 (W201)
Mercedes-Benz,A-Serisi
Mercedes-Benz,AMG GT
Mercedes-Benz,B-Serisi
Mercedes-Benz,C-Serisi
Mercedes-Benz,CL-Serisi
Mercedes-Benz,CLA-Serisi
Mercedes-Benz,CLC-Serisi
Mercedes-Benz,CLK-Serisi
Mercedes-Benz,CLS-Serisi
Mercedes-Benz,Citan
Mercedes-Benz,"E-Serisi (W123, W124)"
Mercedes-Benz,EQA
Mercedes-Benz,EQB
Mercedes-Benz,EQC
Mercedes-Benz,EQE
Mercedes-Benz,EQS
Mercedes-Benz,G-Serisi
Mercedes-Benz,GL-Serisi
Mercedes-Benz,GLA-Serisi
Mercedes-Benz,GLB-Serisi
Mercedes-Benz,GLC-Serisi
Mercedes-Benz,GLE-Serisi
Mercedes-Benz,GLK-Serisi
Mercedes-Benz,GLS-Serisi
Mercedes-Benz,M-Serisi
Mercedes-Benz,R-Serisi
Mercedes-Benz,"S-Serisi (W126, W140)"
Mercedes-Benz,SL-Serisi
Mercedes-Benz,SLC-Serisi
Mercedes-Benz,SLK-Serisi
Mercedes-Benz,SLR McLaren
Mercedes-Benz,SLS AMG
Mercedes-Benz,Sprinter
Mercedes-Benz,V-Serisi
Mercedes-Benz,Vaneo
Mercedes-Benz,Viano
Mercedes-Benz,Vito
Mercedes-Benz,X-Serisi
Mercury,Capri
Mercury,Cougar
Mercury,Grand Marquis
Mercury,Lynx
Mercury,Marauder
Mercury,Mariner
Mercury,Milan
Mercury,Montego
Mercury,Monterey
Mercury,Mountaineer
Mercury,Mystique
Mercury,Sable
Mercury,Topaz
Mercury,Tracer
Mercury,Villager
Mini,Aceman
Mini,Cabrio
Mini,Clubman
Mini,Cooper
Mini,Countryman
Mini,Coupe
Mini,Paceman
Mini,Roadster
Mitsubishi,3000GT
Mitsubishi,ASX
Mitsubishi,Carisma
Mitsubishi,Celeste
Mitsubishi,Challenger
Mitsubishi,Colt
Mitsubishi,Cordia
Mitsubishi,Diamante
Mitsubishi,Eclipse
Mitsubishi,Eclipse Cross
Mitsubishi,Endeavor
Mitsubishi,FTO
Mitsubishi,GTO
Mitsubishi,Galant
Mitsubishi,Grandis
Mitsubishi,L200
Mitsubishi,Lancer
Mitsubishi,Lancer Evolution
Mitsubishi,Magna
Mitsubishi,Mirage
Mitsubishi,Montero
Mitsubishi,Outlander
Mitsubishi,Pajero
Mitsubishi,Raider
Mitsubishi,Sapporo
Mitsubishi,Sigma
Mitsubishi,Space Runner
Mitsubishi,Space Star
Mitsubishi,Space Wagon
Mitsubishi,Starion
Mitsubishi,Tredia
Mitsubishi,i-MiEV
Nio,EC6
Nio,EC7
Nio,EP9
Nio,ES6
Nio,ES7
Nio,ES8
Nio,ET5
Nio,ET7
Nissan,100NX
Nissan,200SX
Nissan,240SX
Nissan,280ZX
Nissan,300ZX
Nissan,350Z
Nissan,370Z
Nissan,Almera
Nissan,Altima
Nissan,Ariya
Nissan,Armada
Nissan,Bluebird
Nissan,Cedric
Nissan,Cherry
Nissan,Cube
Nissan,Frontier
Nissan,GT-R
Nissan,Gloria
Nissan,Juke
Nissan,Kicks
Nissan,Laurel
Nissan,Leaf
Nissan,Leopard
Nissan,Maxima
Nissan,Micra
Nissan,Murano
Nissan,NP300
Nissan,NV200
Nissan,Navara
Nissan,Note
Nissan,Pathfinder
Nissan,Patrol
Nissan,Pintara
Nissan,Prairie
Nissan,Presage
Nissan,President
Nissan,Primera
Nissan,Pulsar
Nissan,Qashqai
Nissan,Quest
Nissan,Rogue
Nissan,Sentra
Nissan,Serena
Nissan,Silvia
Nissan,Skyline
Nissan,Stanza
Nissan,Sunny
Nissan,Terrano
Nissan,Tiida
Nissan,Titan
Nissan,Vanette
Nissan,Versa
Nissan,X-Trail
Nissan,Xterra
Oldsmobile,88
Oldsmobile,98
Oldsmobile,Achieva
Oldsmobile,Alero
Oldsmobile,Aurora
Oldsmobile,Bravada
Oldsmobile,Calais
Oldsmobile,Ciera
Oldsmobile,Custom Cruiser
Oldsmobile,Cutlass
Oldsmobile,Firenza
Oldsmobile,Intrigue
Oldsmobile,Omega
Oldsmobile,Silhouette
Oldsmobile,Starfire
Oldsmobile,Toronado
Opel,Adam
Opel,Agila
Opel,Ampera
Opel,Antara
Opel,Ascona
Opel,Astra
Opel,Calibra
Opel,Campo
Opel,Cascada
Opel,Combo
Opel,Commodore
Opel,Corsa
Opel,Crossland
Opel,Diplomat
Opel,Frontera
Opel,GT
Opel,Grandland
Opel,Insignia
Opel,Kadett
Opel,Manta
Opel,Meriva
Opel,Mokka
Opel,Monza
Opel,Movano
Opel,Omega
Opel,Rekord
Opel,Senator
Opel,Signum
Opel,Sintra
Opel,Speedster
Opel,Tigra
Opel,Vectra
Opel,Vivaro
Opel,Zafira
Pagani,Huayra
Pagani,Utopia
Pagani,Zonda
Peugeot,104
Peugeot,106
Peugeot,107
Peugeot,108
Peugeot,205
Peugeot,206
Peugeot,207
Peugeot,208
Peugeot,3008
Peugeot,304
Peugeot,305
Peugeot,306
Peugeot,307
Peugeot,308
Peugeot,309
Peugeot,4007
Peugeot,4008
Peugeot,404
Peugeot,405
Peugeot,406
Peugeot,407
Peugeot,408
Peugeot,5008
Peugeot,504
Peugeot,505
Peugeot,508
Peugeot,604
Peugeot,605
Peugeot,607
Peugeot,806
Peugeot,807
Peugeot,Bipper
Peugeot,Boxer
Peugeot,Expert
Peugeot,Hoggar
Peugeot,Partner
Peugeot,RCZ
Peugeot,Rifter
Peugeot,iOn
Plymouth,Acclaim
Plymouth,Arrow
Plymouth,Barracuda
Plymouth,Breeze
Plymouth,Caravelle
Plymouth,Colt
Plymouth,Conquest
Plymouth,Duster
Plymouth,Gran Fury
Plymouth,Horizon
Plymouth,Laser
Plymouth,Neon
Plymouth,Prowler
Plymouth,Reliant
Plymouth,Sapporo
Plymouth,Sundance
Plymouth,TC3
Plymouth,Turismo
Plymouth,Valiant
Plymouth,Voyager
Polestar,1
Polestar,2
Polestar,3
Polestar,4
Pontiac,6000
Pontiac,Acadian
Pontiac,Astre
Pontiac,Aztek
Pontiac,Bonneville
Pontiac,Catalina
Pontiac,Fiero
Pontiac,Firebird
Pontiac,G3
Pontiac,G4
Pontiac,G5
Pontiac,G6
Pontiac,G8
Pontiac,GTO
Pontiac,Grand Am
Pontiac,Grand Prix
Pontiac,J2000
Pontiac,LeMans
Pontiac,Montana
Pontiac,Parisienne
Pontiac,Phoenix
Pontiac,Solstice
Pontiac,Sunbird
Pontiac,Sunfire
Pontiac,T1000
Pontiac,Torrent
Pontiac,Trans Sport
Pontiac,Vibe
Porsche,356
Porsche,718 Boxster
Porsche,718 Cayman
Porsche,911
Porsche,912
Porsche,914
Porsche,924
Porsche,928
Porsche,944
Porsche,959
Porsche,968
Porsche,Boxster
Porsche,Carrera GT
Porsche,Cayenne
Porsche,Cayman
Porsche,Macan
Porsche,Panamera
Porsche,Taycan
Proton,Arena
Proton,Exora
Proton,Gen-2
Proton,Inspira
Proton,Juara
Proton,Perdana
Proton,Persona
Proton,Preve
Proton,Putra
Proton,Saga
Proton,Satria
Proton,Savvy
Proton,Suprima S
Proton,Waja
Proton,Wira
Ram,1500
Ram,2500
Ram,3500
Ram,Dakota
Ram,ProMaster
Renault,10
Renault,11
Renault,12
Renault,14
Renault,15
Renault,16
Renault,17
Renault,18
Renault,19
Renault,20
Renault,21
Renault,25
Renault,30
Renault,4
Renault,5
Renault,6
Renault,8
Renault,9
Renault,Alpine
Renault,Arkana
Renault,Austral
Renault,Avantime
Renault,Captur
Renault,Clio
Renault,Espace
Renault,Express
Renault,Fluence
Renault,Fuego
Renault,Kadjar
Renault,Kangoo
Renault,Koleos
Renault,Laguna
Renault,Latitude
Renault,Megane
Renault,Modus
Renault,Rodeo
Renault,Safrane
Renault,Scenic
Renault,Spider
Renault,Symbol
Renault,Taliant
Renault,Talisman
Renault,Thalia
Renault,Trafic
Renault,Twingo
Renault,Vel Satis
Renault,Wind
Renault,Zoe
Rivian,R1S
Rivian,R1T
Rolls-Royce,Camargue
Rolls-Royce,Corniche
Rolls-Royce,Cullinan
Rolls-Royce,Dawn
Rolls-Royce,Ghost
Rolls-Royce,Park Ward
Rolls-Royce,Phantom
Rolls-Royce,Silver Dawn
Rolls-Royce,Silver Seraph
Rolls-Royce,Silver Shadow
Rolls-Royce,Silver Spirit
Rolls-Royce,Silver Spur
Rolls-Royce,Spectre
Rolls-Royce,Wraith
Rover,100
Rover,200
Rover,25
Rover,400
Rover,45
Rover,600
Rover,75
Rover,800
Rover,CityRover
Rover,Maestro
Rover,Metro
Rover,Montego
Rover,P6
Rover,SD1
Rover,Streetwise
Saab,600
Saab,9-2X
Saab,9-3
Saab,9-4X
Saab,9-5
Saab,9-7X
Saab,90
Saab,900
Saab,9000
Saab,99
Saab,Sonett
Saturn,Astra
Saturn,Aura
Saturn,Ion
Saturn,L-Series
Saturn,Outlook
Saturn,Relay
Saturn,S-Series
Saturn,Sky
Saturn,Vue
Scion,FR-S
Scion,iA
Scion,iM
Scion,iQ
Scion,tC
Scion,xA
Scion,xB
Scion,xD
Seat,Alhambra
Seat,Altea
Seat,Arona
Seat,Arosa
Seat,Ateca
Seat,Cordoba
Seat,Exeo
Seat,Fura
Seat,Ibiza
Seat,Inca
Seat,Leon
Seat,Malaga
Seat,Marbella
Seat,Mii
Seat,Panda
Seat,Ronda
Seat,Tarraco
Seat,Terra
Seat,Toledo
Skoda,105
Skoda,120
Skoda,130
Skoda,Citigo
Skoda,Enyaq
Skoda,Estelle
Skoda,Fabia
Skoda,Favorit
Skoda,Felicia
Skoda,Forman
Skoda,Kamiq
Skoda,Karoq
Skoda,Kodiaq
Skoda,Octavia
Skoda,Rapid
Skoda,Roomster
Skoda,Scala
Skoda,Slavia
Skoda,Superb
Skoda,Yeti
Smart,#1
Smart,Forfour
Smart,Fortwo
Smart,Roadster
SsangYong,Actyon
SsangYong,Chairman
SsangYong,Family
SsangYong,Kallista
SsangYong,Korando
SsangYong,Kyron
SsangYong,Musso
SsangYong,Rexton
SsangYong,Rodius
SsangYong,Stavic
SsangYong,Tivoli
SsangYong,Torres
SsangYong,XLV
Subaru,1800
Subaru,360
Subaru,Alcyone
Subaru,Ascent
Subaru,BRZ
Subaru,Baja
Subaru,Brat
Subaru,Crosstrek
Subaru,Forester
Subaru,Impreza
Subaru,Justy
Subaru,Legacy
Subaru,Leone
Subaru,Levorg
Subaru,Libero
Subaru,Outback
Subaru,Rex
Subaru,SVX
Subaru,Solterra
Subaru,Tribeca
Subaru,Vivio
Subaru,WRX
Subaru,XT
Subaru,XV
Suzuki,Across
Suzuki,Alto
Suzuki,Baleno
Suzuki,Cappuccino
Suzuki,Cara
Suzuki,Carry
Suzuki,Celerio
Suzuki,Cervo
Suzuki,Equator
Suzuki,Esteem
Suzuki,Forenza
Suzuki,Fronte
Suzuki,Grand Vitara
Suzuki,Ignis
Suzuki,Jimny
Suzuki,Kizashi
Suzuki,Liana
Suzuki,Reno
Suzuki,S-Cross
Suzuki,SX4
Suzuki,Samurai
Suzuki,Splash
Suzuki,Swace
Suzuki,Swift
Suzuki,Verona
Suzuki,Vitara
Suzuki,Wagon R+
Suzuki,X-90
TOGG,T10F
TOGG,T10X
TVR,350i
TVR,Cerbera
TVR,Chimaera
TVR,Griffith
TVR,Sagaris
TVR,Tasmin
TVR,Tuscan
Tata,Aria
Tata,Bolt
Tata,Harrier
Tata,Hexa
Tata,Indica
Tata,Indigo
Tata,Nano
Tata,Nexon
Tata,Safari
Tata,Sierra
Tata,Sumo
Tata,Tiago
Tata,Zest
Tesla,Cybertruck
Tesla,Model 3
Tesla,Model S
Tesla,Model X
Tesla,Model Y
Tesla,Roadster
Tofaş,Doğan
Tofaş,Kartal
Tofaş,Murat 124
Tofaş,Murat 131
Tofaş,Serçe
Tofaş,Şahin
Toyota,4Runner
Toyota,86
Toyota,Allion
Toyota,Alphard
Toyota,Aqua
Toyota,Aristo
Toyota,Auris
Toyota,Avalon
Toyota,Avensis
Toyota,Aygo
Toyota,C-HR
Toyota,Caldina
Toyota,Camry
Toyota,Carina
Toyota,Celica
Toyota,Celsior
Toyota,Century
Toyota,Chaser
Toyota,Corolla
Toyota,Corolla Cross
Toyota,Corona
Toyota,Cressida
Toyota,Cresta
Toyota,Crown
Toyota,Curren
Toyota,Echo
Toyota,FJ Cruiser
Toyota,Fortuner
Toyota,GR86
Toyota,Grand Highlander
Toyota,Harrier
Toyota,Hiace
Toyota,Highlander
Toyota,Hilux
Toyota,Ipsum
Toyota,Ist
Toyota,Kluger
Toyota,Land Cruiser
Toyota,MR2
Toyota,Mark II
Toyota,Mark X
Toyota,Matrix
Toyota,Mirai
Toyota,Noah
Toyota,Paseo
Toyota,Passo
Toyota,Picnic
Toyota,Platz
Toyota,Premio
Toyota,Previa
Toyota,Prius
Toyota,Proace
Toyota,Probox
Toyota,Progress
Toyota,RAV4
Toyota,Raum
Toyota,Rush
Toyota,Sequoia
Toyota,Sera
Toyota,Sienna
Toyota,Soarer
Toyota,Solara
Toyota,Starlet
Toyota,Succeed
Toyota,Supra
Toyota,Tacoma
Toyota,Tercel
Toyota,Tundra
Toyota,Urban Cruiser
Toyota,Venza
Toyota,Verossa
Toyota,Vios
Toyota,Vitz
Toyota,Voltz
Toyota,Voxy
Toyota,Yaris
Toyota,Yaris Cross
Toyota,bZ4X
Toyota,iQ
Triumph,Acclaim
Triumph,Dolomite
Triumph,GT6
Triumph,Spitfire
Triumph,Stag
Triumph,TR6
Triumph,TR7
Triumph,TR8
Vauxhall,Adam
Vauxhall,Astra
Vauxhall,Calibra
Vauxhall,Carlton
Vauxhall,Cavalier
Vauxhall,Chevette
Vauxhall,Corsa
Vauxhall,Crossland
Vauxhall,Firenza
Vauxhall,Frontera
Vauxhall,Grandland
Vauxhall,Insignia
Vauxhall,Magnum
Vauxhall,Meriva
Vauxhall,Mokka
Vauxhall,Monza
Vauxhall,Nova
Vauxhall,Omega
Vauxhall,Royale
Vauxhall,Signum
Vauxhall,Tigra
Vauxhall,VX220
Vauxhall,Vectra
Vauxhall,Viceroy
Vauxhall,Viva
Vauxhall,Zafira
Volkswagen,Amarok
Volkswagen,Arteon
Volkswagen,Atlas
Volkswagen,Beetle
Volkswagen,Bora
Volkswagen,CC
Volkswagen,Caddy
Volkswagen,Corrado
Volkswagen,Crafter
Volkswagen,Derby
Volkswagen,Eos
Volkswagen,Fox
Volkswagen,Golf
Volkswagen,ID. Buzz
Volkswagen,ID.3
Volkswagen,ID.4
Volkswagen,ID.5
Volkswagen,ID.6
Volkswagen,ID.7
Volkswagen,Jetta
Volkswagen,K70
Volkswagen,Lupo
Volkswagen,Multivan
Volkswagen,New Beetle
Volkswagen,Passat
Volkswagen,Phaeton
Volkswagen,Polo
Volkswagen,Routan
Volkswagen,Santana
Volkswagen,Scirocco
Volkswagen,Sharan
Volkswagen,T-Cross
Volkswagen,T-Roc
Volkswagen,Taigo
Volkswagen,Taos
Volkswagen,Taro
Volkswagen,Tiguan
Volkswagen,Touareg
Volkswagen,Touran
Volkswagen,Transporter
Volkswagen,Up!
Volkswagen,Vento
Volvo,240
Volvo,260
Volvo,340
Volvo,360
Volvo,440
Volvo,460
Volvo,480
Volvo,740
Volvo,760
Volvo,780
Volvo,850
Volvo,940
Volvo,960
Volvo,C30
Volvo,C40
Volvo,C70
Volvo,EX30
Volvo,EX90
Volvo,P1800
Volvo,S40
Volvo,S60
Volvo,S70
Volvo,S80
Volvo,S90
Volvo,V40
Volvo,V50
Volvo,V60
Volvo,V70
Volvo,V90
Volvo,XC40
Volvo,XC60
Volvo,XC70
Volvo,XC90
XPeng,G3
XPeng,G9
XPeng,P5
XPeng,P7
